INSERT INTO PM_USER_DATA (USER_ID, FULL_NAME, PASSWORD, STATUS_CD)
VALUES('act', 'i2b2 User', '9117d59a69dc49807671a51f10ab7f', 'A');
INSERT INTO PM_PROJECT_DATA (PROJECT_ID, PROJECT_NAME, PROJECT_WIKI, PROJECT_PATH, STATUS_CD)
VALUES('ACT', 'i2b2 ACT', 'http://www.i2b2.org', '/ACT', 'A');

INSERT INTO PM_USER_DATA (USER_ID, FULL_NAME, PASSWORD, STATUS_CD)
VALUES('AGG_SERVICE_ACCOUNT', 'AGG_SERVICE_ACCOUNT', '9117d59a69dc49807671a51f10ab7f', 'A');
INSERT INTO PM_PROJECT_USER_ROLES (PROJECT_ID, USER_ID, USER_ROLE_CD, STATUS_CD)
VALUES('ACT', 'AGG_SERVICE_ACCOUNT', 'USER', 'A');
INSERT INTO PM_PROJECT_USER_ROLES (PROJECT_ID, USER_ID, USER_ROLE_CD, STATUS_CD)
VALUES('ACT', 'AGG_SERVICE_ACCOUNT', 'MANAGER', 'A');
INSERT INTO PM_PROJECT_USER_ROLES (PROJECT_ID, USER_ID, USER_ROLE_CD, STATUS_CD)
VALUES('ACT', 'AGG_SERVICE_ACCOUNT', 'DATA_OBFSC', 'A');
INSERT INTO PM_PROJECT_USER_ROLES (PROJECT_ID, USER_ID, USER_ROLE_CD, STATUS_CD)
VALUES('ACT', 'AGG_SERVICE_ACCOUNT', 'DATA_AGG', 'A');
INSERT INTO PM_PROJECT_USER_ROLES (PROJECT_ID, USER_ID, USER_ROLE_CD, STATUS_CD)
VALUES('ACT', 'act', 'USER', 'A');
INSERT INTO PM_PROJECT_USER_ROLES (PROJECT_ID, USER_ID, USER_ROLE_CD, STATUS_CD)
VALUES('ACT', 'act', 'DATA_DEID', 'A');
INSERT INTO PM_PROJECT_USER_ROLES (PROJECT_ID, USER_ID, USER_ROLE_CD, STATUS_CD)
VALUES('ACT', 'act', 'DATA_OBFSC', 'A');
INSERT INTO PM_PROJECT_USER_ROLES (PROJECT_ID, USER_ID, USER_ROLE_CD, STATUS_CD)
VALUES('ACT', 'act', 'DATA_AGG', 'A');
INSERT INTO PM_PROJECT_USER_ROLES (PROJECT_ID, USER_ID, USER_ROLE_CD, STATUS_CD)
VALUES('ACT', 'act', 'DATA_LDS', 'A');
INSERT INTO PM_PROJECT_USER_ROLES (PROJECT_ID, USER_ID, USER_ROLE_CD, STATUS_CD)
VALUES('ACT', 'act', 'EDITOR', 'A');
INSERT INTO PM_PROJECT_USER_ROLES (PROJECT_ID, USER_ID, USER_ROLE_CD, STATUS_CD)
VALUES('ACT', 'act', 'DATA_PROT', 'A');


INSERT INTO PM_CELL_DATA (CELL_ID, PROJECT_PATH, NAME, METHOD_CD, URL, CAN_OVERRIDE, STATUS_CD)
  VALUES('CRC', '/', 'Data Repository', 'REST', 'http://localhost:8080/i2b2/services/QueryToolService/', 1, 'A');
INSERT INTO PM_CELL_DATA(CELL_ID, PROJECT_PATH, NAME, METHOD_CD, URL, CAN_OVERRIDE, STATUS_CD)
  VALUES('FRC', '/', 'File Repository ', 'SOAP', 'http://localhost:8080/i2b2/services/FRService/', 1, 'A');
INSERT INTO PM_CELL_DATA(CELL_ID, PROJECT_PATH, NAME, METHOD_CD, URL, CAN_OVERRIDE, STATUS_CD)
  VALUES('ONT', '/', 'Ontology Cell', 'REST', 'http://localhost:8080/i2b2/services/OntologyService/', 1, 'A');
INSERT INTO PM_CELL_DATA(CELL_ID, PROJECT_PATH, NAME, METHOD_CD, URL, CAN_OVERRIDE, STATUS_CD)
  VALUES('WORK', '/', 'Workplace Cell', 'REST', 'http://localhost:8080/i2b2/services/WorkplaceService/', 1, 'A');
INSERT INTO PM_CELL_DATA(CELL_ID, PROJECT_PATH, NAME, METHOD_CD, URL, CAN_OVERRIDE, STATUS_CD)
  VALUES('IM', '/', 'IM Cell', 'REST', 'http://localhost:8080/i2b2/services/IMService/', 1, 'A');