"C_HLEVEL"	"C_FULLNAME"	"C_NAME"	"C_SYNONYM_CD"	"C_VISUALATTRIBUTES"	"C_TOTALNUM"	"C_BASECODE"	"C_METADATAXML"	"C_FACTTABLECOLUMN"	"C_TABLENAME"	"C_COLUMNNAME"	"C_COLUMNDATATYPE"	"C_OPERATOR"	"C_DIMCODE"	"C_COMMENT"	"C_TOOLTIP"	"M_APPLIED_PATH"	"UPDATE_DATE"	"DOWNLOAD_DATE"	"IMPORT_DATE"	"SOURCESYSTEM_CD"	"VALUETYPE_CD"	"M_EXCLUSION_CD"	"C_PATH"	"C_SYMBOL"
3	"\ACT\SDOH\76437-3\LA22074-1\"	"Worker's Compensation (LOINC:LA22074-1)"	"N"	"LA "		"LOINC:LA22074-1"		"visit_fact.concept_cd"	"concept_dimension"	"concept_path"	"T"	"like"	"\ACT\SDOH\76437-3\LA22074-1\"		"Worker's Compensation (LOINC:LA22074-1)"	"@"	"0021-05-24"	"0021-05-24"	"0021-05-24"	"ACT"				
3	"\ACT\SDOH\76437-3\LA22075-8\"	"Veterans Administration (LOINC:LA22075-8)"	"N"	"LA "		"LOINC:LA22075-8"		"visit_fact.concept_cd"	"concept_dimension"	"concept_path"	"T"	"like"	"\ACT\SDOH\76437-3\LA22075-8\"		"Veterans Administration (LOINC:LA22075-8)"	"@"	"0021-05-24"	"0021-05-24"	"0021-05-24"	"ACT"				
3	"\ACT\SDOH\76437-3\LA22077-4\"	"No Pay (indigent, no resources) (LOINC:LA22077-4)"	"N"	"LA "		"LOINC:LA22077-4"		"visit_fact.concept_cd"	"concept_dimension"	"concept_path"	"T"	"like"	"\ACT\SDOH\76437-3\LA22077-4\"		"No Pay (indigent, no resources) (LOINC:LA22077-4)"	"@"	"0021-05-24"	"0021-05-24"	"0021-05-24"	"ACT"				
3	"\ACT\SDOH\76437-3\LA22080-8\"	"Declined/Participant doesn't know (LOINC:LA22080-8)"	"N"	"LA "		"LOINC:LA22080-8"		"visit_fact.concept_cd"	"concept_dimension"	"concept_path"	"T"	"like"	"\ACT\SDOH\76437-3\LA22080-8\"		"Declined/Participant doesn't know (LOINC:LA22080-8)"	"@"	"0021-05-24"	"0021-05-24"	"0021-05-24"	"ACT"				
2	"\ACT\SDOH\Version\"	" V4.0"	"N"	"LI "				"concept_cd"	"concept_dimension"	"concept_path"	"T"	"LIKE"	"\ACT\SDOH\Version\"		" ACT_Version_V4_Alpha"	"@"	"0021-05-24"	"0021-05-24"	"0021-05-24"	"ACT"				
3	"\ACT\SDOH\LP156992-2\LA18981-3\"	"Heavy tobacco smoker (LOINC:LA18981-3)"	"N"	"LA "	3205	"LOINC:LA18981-3"		"vital_fact.concept_cd"	"concept_dimension"	"concept_path"	"T"	"like"	"\ACT\SDOH\LP156992-2\LA18981-3\"		"Heavy tobacco smoker (LOINC:LA18981-3)"	"@"	"0021-05-24"	"0021-05-24"	"0021-05-24"	"ACT"				
3	"\ACT\SDOH\76437-3\LA15652-3\"	"Medicare (LOINC:LA15652-3)"	"N"	"LA "	270133	"LOINC:LA15652-3"		"visit_fact.concept_cd"	"concept_dimension"	"concept_path"	"T"	"like"	"\ACT\SDOH\76437-3\LA15652-3\"		"Medicare (LOINC:LA15652-3)"	"@"	"0021-05-24"	"0021-05-24"	"0021-05-24"	"ACT"				
3	"\ACT\SDOH\76437-3\LA17849-3\"	"Medicaid (LOINC:LA17849-3)"	"N"	"LA "	286429	"LOINC:LA17849-3"		"visit_fact.concept_cd"	"concept_dimension"	"concept_path"	"T"	"like"	"\ACT\SDOH\76437-3\LA17849-3\"		"Medicaid (LOINC:LA17849-3)"	"@"	"0021-05-24"	"0021-05-24"	"0021-05-24"	"ACT"				
3	"\ACT\SDOH\76437-3\LA22073-3\"	"Private Insurance (includes 'no-fault', BCBS, United Health, etc) (LOINC:LA22073-3)"	"N"	"LA "	683771	"LOINC:LA22073-3"		"visit_fact.concept_cd"	"concept_dimension"	"concept_path"	"T"	"like"	"\ACT\SDOH\76437-3\LA22073-3\"		"Private Insurance (includes 'no-fault', BCBS, United Health, etc) (LOINC:LA22073-3)"	"@"	"0021-05-24"	"0021-05-24"	"0021-05-24"	"ACT"				
3	"\ACT\SDOH\76437-3\LA22076-6\"	"Other Government (e.g. Bureau of Indian Affairs; Crippled Children's Services; Dept. of Vocational Rehab) (LOINC:LA22076-6)"	"N"	"LA "	168847	"LOINC:LA22076-6"		"visit_fact.concept_cd"	"concept_dimension"	"concept_path"	"T"	"like"	"\ACT\SDOH\76437-3\LA22076-6\"		"Other Government (e.g. Bureau of Indian Affairs; Crippled Children's Services; Dept. of Vocational Rehab) (LOINC:LA22076-6)"	"@"	"0021-05-24"	"0021-05-24"	"0021-05-24"	"ACT"				
3	"\ACT\SDOH\76437-3\LA22078-2\"	"Private funds (e.g., self-pay; hometown fund raisers) (LOINC:LA22078-2)"	"N"	"LA "	569360	"LOINC:LA22078-2"		"visit_fact.concept_cd"	"concept_dimension"	"concept_path"	"T"	"like"	"\ACT\SDOH\76437-3\LA22078-2\"		"Private funds (e.g., self-pay; hometown fund raisers) (LOINC:LA22078-2)"	"@"	"0021-05-24"	"0021-05-24"	"0021-05-24"	"ACT"				
3	"\ACT\SDOH\76437-3\LA22079-0\"	"Other, unclassified (e.g., SCI system patient care funds, TRICARE; Champus; Homebound, victim's assistance funds, etc.) (LOINC:LA22079-0)"	"N"	"LA "	112232	"LOINC:LA22079-0"		"visit_fact.concept_cd"	"concept_dimension"	"concept_path"	"T"	"like"	"\ACT\SDOH\76437-3\LA22079-0\"		"Other, unclassified (e.g., SCI system patient care funds, TRICARE; Champus; Homebound, victim's assistance funds, etc.) (LOINC:LA22079-0)"	"@"	"0021-05-24"	"0021-05-24"	"0021-05-24"	"ACT"				
1	"\ACT\SDOH\"	"Social Determits Of Health"	"N"	"FA "	1223013			"concept_cd"	"concept_dimension"	"concept_path"	"T"	"like"	"\ACT\SDOH\"		"Social Determits Of Health"	"@"	"0021-05-24"	"0021-05-24"	"0021-05-24"	"ACT"				
2	"\ACT\SDOH\76437-3\"	"Primary insurance (LOINC:76437-3)"	"N"	"FA "	1223013	"LOINC:76437-3"		"visit_fact.concept_cd"	"concept_dimension"	"concept_path"	"T"	"like"	"\ACT\SDOH\76437-3\"		"Primary insurance (LOINC:76437-3)"	"@"	"0021-05-24"	"0021-05-24"	"0021-05-24"	"ACT"				
2	"\ACT\SDOH\LP156992-2\"	"Tobacco smoking status (LOINC:LP156992-2)"	"N"	"FA "		"LOINC:LP156992-2"		"vital_fact.concept_cd"	"concept_dimension"	"concept_path"	"T"	"like"	"\ACT\SDOH\LP156992-2\"		"Tobacco smoking status (LOINC:LP156992-2)"	"@"	"0021-05-24"	"0021-05-24"	"0021-05-24"	"ACT"				
3	"\ACT\SDOH\LP156992-2\LA15920-4\"	"Former smoker (LOINC:LA15920-4)"	"N"	"LA "	128038	"LOINC:LA15920-4"		"vital_fact.concept_cd"	"concept_dimension"	"concept_path"	"T"	"like"	"\ACT\SDOH\LP156992-2\LA15920-4\"		"Former smoker (LOINC:LA15920-4)"	"@"	"0021-05-24"	"0021-05-24"	"0021-05-24"	"ACT"				
3	"\ACT\SDOH\LP156992-2\LA18976-3\"	"Current every day smoker (LOINC:LA18976-3)"	"N"	"LA "	113504	"LOINC:LA18976-3"		"vital_fact.concept_cd"	"concept_dimension"	"concept_path"	"T"	"like"	"\ACT\SDOH\LP156992-2\LA18976-3\"		"Current every day smoker (LOINC:LA18976-3)"	"@"	"0021-05-24"	"0021-05-24"	"0021-05-24"	"ACT"				
3	"\ACT\SDOH\LP156992-2\LA18977-1\"	"Current some day smoker (LOINC:LA18977-1)"	"N"	"LA "	27137	"LOINC:LA18977-1"		"vital_fact.concept_cd"	"concept_dimension"	"concept_path"	"T"	"like"	"\ACT\SDOH\LP156992-2\LA18977-1\"		"Current some day smoker (LOINC:LA18977-1)"	"@"	"0021-05-24"	"0021-05-24"	"0021-05-24"	"ACT"				
3	"\ACT\SDOH\LP156992-2\LA18978-9\"	"Never smoker (LOINC:LA18978-9)"	"N"	"LA "	400273	"LOINC:LA18978-9"		"vital_fact.concept_cd"	"concept_dimension"	"concept_path"	"T"	"like"	"\ACT\SDOH\LP156992-2\LA18978-9\"		"Never smoker (LOINC:LA18978-9)"	"@"	"0021-05-24"	"0021-05-24"	"0021-05-24"	"ACT"				
3	"\ACT\SDOH\LP156992-2\LA18979-7\"	"Smoker, current status unknown (LOINC:LA18979-7)"	"N"	"LA "	2918	"LOINC:LA18979-7"		"vital_fact.concept_cd"	"concept_dimension"	"concept_path"	"T"	"like"	"\ACT\SDOH\LP156992-2\LA18979-7\"		"Smoker, current status unknown (LOINC:LA18979-7)"	"@"	"0021-05-24"	"0021-05-24"	"0021-05-24"	"ACT"				
3	"\ACT\SDOH\LP156992-2\LA18980-5\"	"Unknown if ever smoked (LOINC:LA18980-5)"	"N"	"LA "	58169	"LOINC:LA18980-5"		"vital_fact.concept_cd"	"concept_dimension"	"concept_path"	"T"	"like"	"\ACT\SDOH\LP156992-2\LA18980-5\"		"Unknown if ever smoked (LOINC:LA18980-5)"	"@"	"0021-05-24"	"0021-05-24"	"0021-05-24"	"ACT"				
3	"\ACT\SDOH\LP156992-2\LA18982-1\"	"Light tobacco smoker (LOINC:LA18982-1)"	"N"	"LA "	13211	"LOINC:LA18982-1"		"vital_fact.concept_cd"	"concept_dimension"	"concept_path"	"T"	"like"	"\ACT\SDOH\LP156992-2\LA18982-1\"		"Light tobacco smoker (LOINC:LA18982-1)"	"@"	"0021-05-24"	"0021-05-24"	"0021-05-24"	"ACT"				
